{"coefficients": [[0.7024990919230301, -0.013601921064371053, -0.7184370587456889], [0.057449334273869904, 0.995709026525331, 0.015222003326388095], [0.7033877172360703, -0.03063156885579578, 0.7134291931655973]], "intercept": 0.0, "score": 0.9988653111928505}