{"coefficients": [[-12.62722834179679, -15.555882861824347, -10.48532443798037], [-3.345805384352364, -4.429711419991506, -8.20835251552945], [9.569756107868283, 12.120959279298425, 5.001290606919113]], "intercept": 0.0, "score": 0.9939169302108287}