{"coefficients": [[12.06081707068405, -16.43105190302377, 4.558304908217234], [-14.03369938998217, -4.681902746619606, 17.74730301953106], [12.228775790445898, 11.619109116303783, 11.43677500099918]], "intercept": 0.0, "score": 0.997042605657532}